{"v":"5.5.7","fr":30,"ip":0,"op":40,"w":200,"h":200,"nm":"Check Animation","ddd":0,"assets":[],"layers":[{"d":0,"ind":1,"ty":4,"nm":"Checkmark","sr":1,"ks":{"o":{"a":0,"k":100,"ix":11},"p":{"a":0,"k":[100,100,0],"ix":2},"a":{"a":0,"k":[0,0,0],"ix":1},"s":{"a":0,"k":[100,100,100],"ix":6}},"shapes":[{"ty":"sh","ix":1,"ks":{"a":0,"k":{"i":[[0,0],[0,0]],"o":[[0,0],[0,0]],"v":[[-30,0],[10,30]],"c":false},"ix":2},"nm":"Check Path"},{"ty":"st","c":{"a":0,"k":[0.1,0.8,0.2,1],"ix":3},"o":{"a":0,"k":100,"ix":4},"w":{"a":0,"k":10,"ix":5},"lc":2,"lj":2,"ml":10,"nm":"Stroke"}],"ip":0,"op":40,"st":0,"bm":0}]}