{
  "v": "5.5.7",
  "fr": 30,
  "ip": 0,
  "op": 60,
  "w": 200,
  "h": 200,
  "nm": "Loading Animation",
  "ddd": 0,
  "assets": [],
  "layers": [
    {
      "d": 0,
      "ind": 1,
      "ty": 4,
      "nm": "Circle",
      "sr": 1,
      "ks": {
        "o": { "a": 0, "k": 100, "ix": 11 },
        "r": { "a": 1, "k": [{ "t": 0, "s": 0 }, { "t": 60, "s": 360 }], "ix": 10 },
        "p": { "a": 0, "k": [100, 100, 0], "ix": 2 },
        "a": { "a": 0, "k": [0, 0, 0], "ix": 1 },
        "s": { "a": 0, "k": [100, 100, 100], "ix": 6 }
      },
      "shapes": [
        {
          "ty": "el",
          "p": { "a": 0, "k": [0, 0], "ix": 3 },
          "s": { "a": 0, "k": [50, 50], "ix": 4 },
          "nm": "Ellipse Path"
        },
        {
          "ty": "st",
          "c": { "a": 0, "k": [0.2, 0.6, 1, 1], "ix": 3 },
          "o": { "a": 0, "k": 100, "ix": 4 },
          "w": { "a": 0, "k": 10, "ix": 5 },
          "lc": 2,
          "lj": 2,
          "ml": 10,
          "nm": "Stroke"
        }
      ],
      "ip": 0,
      "op": 60,
      "st": 0,
      "bm": 0
    }
  ]
}
